example_id,target_label,phase1_label,final_label
MEV2_DEP_001,Depression,Happy,Happy
MEV2_DEP_002,Depression,Depression,Depression
MEV2_DEP_003,Depression,Depression,Depression
MEV2_DEP_004,Depression,Depression,Depression
MEV2_DEP_005,Depression,Depression,Depression
MEV2_DEP_006,Depression,Happy,Happy
MEV2_DEP_007,Depression,Depression,Depression
MEV2_DEP_008,Depression,Depression,Neutral
MEV2_DEP_009,Depression,Depression,Depression
MEV2_DEP_010,Depression,Depression,Depression
MEV2_DEP_011,Depression,Happy,Happy
MEV2_DEP_012,Depression,Depression,Depression
MEV2_DEP_013,Depression,Depression,Depression
MEV2_DEP_014,Depression,Depression,Depression
MEV2_DEP_015,Depression,Depression,Depression
MEV2_DEP_016,Depression,Happy,Happy
MEV2_DEP_017,Depression,Depression,Depression
MEV2_DEP_018,Depression,Depression,Depression
MEV2_DEP_019,Depression,Depression,Depression
MEV2_DEP_020,Depression,Depression,Depression
MEV2_DEP_021,Depression,Happy,Happy
MEV2_DEP_022,Depression,Depression,Depression
MEV2_DEP_023,Depression,Depression,Depression
MEV2_DEP_024,Depression,Depression,Depression
MEV2_DEP_025,Depression,Depression,Depression
MEV2_DEP_026,Depression,Happy,Happy
MEV2_DEP_027,Depression,Depression,Depression
MEV2_DEP_028,Depression,Depression,Neutral
MEV2_DEP_029,Depression,Depression,Depression
MEV2_DEP_030,Depression,Depression,Neutral
MEV2_DEP_031,Depression,Happy,Happy
MEV2_DEP_032,Depression,Depression,Depression
MEV2_DEP_033,Depression,Depression,Neutral
MEV2_DEP_034,Depression,Depression,Depression
MEV2_DEP_035,Depression,Depression,Depression
MEV2_DEP_036,Depression,Happy,Happy
MEV2_DEP_037,Depression,Depression,Depression
MEV2_DEP_038,Depression,Depression,Depression
MEV2_DEP_039,Depression,Depression,Depression
MEV2_DEP_040,Depression,Depression,Depression
MEV2_DEP_041,Depression,Happy,Happy
MEV2_DEP_042,Depression,Depression,Depression
MEV2_DEP_043,Depression,Depression,Depression
MEV2_DEP_044,Depression,Depression,Depression
MEV2_DEP_045,Depression,Depression,Depression
MEV2_DEP_046,Depression,Happy,Neutral
MEV2_DEP_047,Depression,Depression,Depression
MEV2_DEP_048,Depression,Depression,Depression
MEV2_DEP_049,Depression,Depression,Depression
MEV2_DEP_050,Depression,Depression,Depression
MEV2_DEP_051,Depression,Happy,Happy
MEV2_DEP_052,Depression,Depression,Depression
MEV2_DEP_053,Depression,Depression,Depression
MEV2_DEP_054,Depression,Depression,Depression
MEV2_DEP_055,Depression,Depression,Depression
MEV2_DEP_056,Depression,Happy,Happy
MEV2_DEP_057,Depression,Depression,Depression
MEV2_DEP_058,Depression,Happy,Happy
MEV2_DEP_059,Depression,Depression,Depression
MEV2_DEP_060,Depression,Depression,Depression
MEV2_DEP_061,Depression,Happy,Happy
MEV2_DEP_062,Depression,Depression,Depression
MEV2_DEP_063,Depression,Depression,Depression
MEV2_DEP_064,Depression,Depression,Depression
MEV2_DEP_065,Depression,Depression,Depression
MEV2_DEP_066,Depression,Happy,Neutral
MEV2_DEP_067,Depression,Depression,Depression
MEV2_DEP_068,Depression,Depression,Depression
MEV2_DEP_069,Depression,Depression,Depression
MEV2_DEP_070,Depression,Depression,Depression
MEV2_DEP_071,Depression,Happy,Happy
MEV2_DEP_072,Depression,Depression,Depression
MEV2_DEP_073,Depression,Depression,Depression
MEV2_DEP_074,Depression,Depression,Depression
MEV2_DEP_075,Depression,Depression,Depression
MEV2_DEP_076,Depression,Happy,Happy
MEV2_DEP_077,Depression,Depression,Depression
MEV2_DEP_078,Depression,Depression,Neutral
MEV2_DEP_079,Depression,Depression,Depression
MEV2_DEP_080,Depression,Depression,Depression
MEV2_DEP_081,Depression,Happy,Happy
MEV2_DEP_082,Depression,Depression,Depression
MEV2_DEP_083,Depression,Depression,Depression
MEV2_DEP_084,Depression,Depression,Depression
MEV2_DEP_085,Depression,Depression,Depression
MEV2_DEP_086,Depression,Happy,Happy
MEV2_DEP_087,Depression,Depression,Depression
MEV2_DEP_088,Depression,Depression,Neutral
MEV2_DEP_089,Depression,Depression,Depression
MEV2_DEP_090,Depression,Depression,Depression
MEV2_DEP_091,Depression,Happy,Happy
MEV2_DEP_092,Depression,Depression,Depression
MEV2_DEP_093,Depression,Depression,Depression
MEV2_DEP_094,Depression,Depression,Depression
MEV2_DEP_095,Depression,Depression,Depression
MEV2_DEP_096,Depression,Happy,Happy
MEV2_DEP_097,Depression,Depression,Depression
MEV2_DEP_098,Depression,Depression,Depression
MEV2_DEP_099,Depression,Depression,Depression
MEV2_DEP_100,Depression,Depression,Depression
MEV2_HAP_001,Happy,Happy,Happy
MEV2_HAP_002,Happy,Happy,Depression
MEV2_HAP_003,Happy,Happy,Happy
MEV2_HAP_004,Happy,Happy,Neutral
MEV2_HAP_005,Happy,Happy,Happy
MEV2_HAP_006,Happy,Happy,Happy
MEV2_HAP_007,Happy,Depression,Happy
MEV2_HAP_008,Happy,Happy,Happy
MEV2_HAP_009,Happy,Happy,Happy
MEV2_HAP_010,Happy,Happy,Depression
MEV2_HAP_011,Happy,Happy,Happy
MEV2_HAP_012,Happy,Happy,Happy
MEV2_HAP_013,Happy,Happy,Depression
MEV2_HAP_014,Happy,Happy,Happy
MEV2_HAP_015,Happy,Happy,Depression
MEV2_HAP_016,Happy,Happy,Happy
MEV2_HAP_017,Happy,Depression,Happy
MEV2_HAP_018,Happy,Happy,Happy
MEV2_HAP_019,Happy,Happy,Happy
MEV2_HAP_020,Happy,Depression,Happy
MEV2_HAP_021,Happy,Happy,Happy
MEV2_HAP_022,Happy,Happy,Depression
MEV2_HAP_023,Happy,Happy,Happy
MEV2_HAP_024,Happy,Happy,Depression
MEV2_HAP_025,Happy,Happy,Happy
MEV2_HAP_026,Happy,Happy,Happy
MEV2_HAP_027,Happy,Depression,Happy
MEV2_HAP_028,Happy,Happy,Happy
MEV2_HAP_029,Happy,Happy,Depression
MEV2_HAP_030,Happy,Happy,Happy
MEV2_HAP_031,Happy,Happy,Happy
MEV2_HAP_032,Happy,Happy,Depression
MEV2_HAP_033,Happy,Happy,Happy
MEV2_HAP_034,Happy,Happy,Depression
MEV2_HAP_035,Happy,Depression,Happy
MEV2_HAP_036,Happy,Happy,Happy
MEV2_HAP_037,Happy,Depression,Happy
MEV2_HAP_038,Happy,Happy,Happy
MEV2_HAP_039,Happy,Happy,Neutral
MEV2_HAP_040,Happy,Happy,Happy
MEV2_HAP_041,Happy,Happy,Happy
MEV2_HAP_042,Happy,Happy,Depression
MEV2_HAP_043,Happy,Depression,Happy
MEV2_HAP_044,Happy,Happy,Neutral
MEV2_HAP_045,Happy,Happy,Happy
MEV2_HAP_046,Happy,Happy,Happy
MEV2_HAP_047,Happy,Happy,Happy
MEV2_HAP_048,Happy,Happy,Happy
MEV2_HAP_049,Happy,Happy,Depression
MEV2_HAP_050,Happy,Happy,Neutral
MEV2_HAP_051,Happy,Happy,Happy
MEV2_HAP_052,Happy,Happy,Neutral
MEV2_HAP_053,Happy,Happy,Happy
MEV2_HAP_054,Happy,Depression,Happy
MEV2_HAP_055,Happy,Happy,Happy
MEV2_HAP_056,Happy,Happy,Happy
MEV2_HAP_057,Happy,Depression,Happy
MEV2_HAP_058,Happy,Happy,Happy
MEV2_HAP_059,Happy,Happy,Happy
MEV2_HAP_060,Happy,Depression,Happy
MEV2_HAP_061,Happy,Happy,Happy
MEV2_HAP_062,Happy,Depression,Happy
MEV2_HAP_063,Happy,Happy,Depression
MEV2_HAP_064,Happy,Depression,Happy
MEV2_HAP_065,Happy,Happy,Depression
MEV2_HAP_066,Happy,Happy,Happy
MEV2_HAP_067,Happy,Happy,Happy
MEV2_HAP_068,Happy,Happy,Happy
MEV2_HAP_069,Happy,Happy,Happy
MEV2_HAP_070,Happy,Happy,Depression
MEV2_HAP_071,Happy,Happy,Happy
MEV2_HAP_072,Happy,Happy,Happy
MEV2_HAP_073,Happy,Happy,Happy
MEV2_HAP_074,Happy,Depression,Happy
MEV2_HAP_075,Happy,Happy,Happy
MEV2_HAP_076,Happy,Happy,Happy
MEV2_HAP_077,Happy,Depression,Happy
MEV2_HAP_078,Happy,Happy,Happy
MEV2_HAP_079,Happy,Happy,Depression
MEV2_HAP_080,Happy,Happy,Depression
MEV2_HAP_081,Happy,Happy,Happy
MEV2_HAP_082,Happy,Depression,Happy
MEV2_HAP_083,Happy,Happy,Happy
MEV2_HAP_084,Happy,Happy,Depression
MEV2_HAP_085,Happy,Depression,Happy
MEV2_HAP_086,Happy,Happy,Happy
MEV2_HAP_087,Happy,Happy,Depression
MEV2_HAP_088,Happy,Happy,Happy
MEV2_HAP_089,Happy,Happy,Depression
MEV2_HAP_090,Happy,Happy,Happy
MEV2_HAP_091,Happy,Happy,Happy
MEV2_HAP_092,Happy,Happy,Happy
MEV2_HAP_093,Happy,Happy,Happy
MEV2_HAP_094,Happy,Happy,Happy
MEV2_HAP_095,Happy,Happy,Neutral
MEV2_HAP_096,Happy,Happy,Happy
MEV2_HAP_097,Happy,Happy,Depression
MEV2_HAP_098,Happy,Happy,Happy
MEV2_HAP_099,Happy,Happy,Happy
MEV2_HAP_100,Happy,Depression,Happy
MEV2_NEU_001,Neutral,Happy,Happy
MEV2_NEU_002,Neutral,Neutral,Neutral
MEV2_NEU_003,Neutral,Neutral,Neutral
MEV2_NEU_004,Neutral,Neutral,Neutral
MEV2_NEU_005,Neutral,Neutral,Neutral
MEV2_NEU_006,Neutral,Happy,Happy
MEV2_NEU_007,Neutral,Happy,Happy
MEV2_NEU_008,Neutral,Happy,Happy
MEV2_NEU_009,Neutral,Happy,Happy
MEV2_NEU_010,Neutral,Neutral,Neutral
MEV2_NEU_011,Neutral,Neutral,Happy
MEV2_NEU_012,Neutral,Happy,Happy
MEV2_NEU_013,Neutral,Neutral,Neutral
MEV2_NEU_014,Neutral,Neutral,Neutral
MEV2_NEU_015,Neutral,Happy,Neutral
MEV2_NEU_016,Neutral,Happy,Happy
MEV2_NEU_017,Neutral,Happy,Neutral
MEV2_NEU_018,Neutral,Neutral,Neutral
MEV2_NEU_019,Neutral,Neutral,Neutral
MEV2_NEU_020,Neutral,Happy,Happy
MEV2_NEU_021,Neutral,Neutral,Neutral
MEV2_NEU_022,Neutral,Neutral,Neutral
MEV2_NEU_023,Neutral,Neutral,Neutral
MEV2_NEU_024,Neutral,Happy,Happy
MEV2_NEU_025,Neutral,Neutral,Neutral
MEV2_NEU_026,Neutral,Neutral,Neutral
MEV2_NEU_027,Neutral,Neutral,Neutral
MEV2_NEU_028,Neutral,Neutral,Neutral
MEV2_NEU_029,Neutral,Neutral,Neutral
MEV2_NEU_030,Neutral,Neutral,Neutral
MEV2_NEU_031,Neutral,Neutral,Neutral
MEV2_NEU_032,Neutral,Neutral,Neutral
MEV2_NEU_033,Neutral,Neutral,Neutral
MEV2_NEU_034,Neutral,Neutral,Neutral
MEV2_NEU_035,Neutral,Neutral,Neutral
MEV2_NEU_036,Neutral,Neutral,Neutral
MEV2_NEU_037,Neutral,Neutral,Neutral
MEV2_NEU_038,Neutral,Neutral,Neutral
MEV2_NEU_039,Neutral,Neutral,Neutral
MEV2_NEU_040,Neutral,Neutral,Neutral
MEV2_NEU_041,Neutral,Neutral,Neutral
MEV2_NEU_042,Neutral,Neutral,Neutral
MEV2_NEU_043,Neutral,Neutral,Neutral
MEV2_NEU_044,Neutral,Neutral,Neutral
MEV2_NEU_045,Neutral,Neutral,Neutral
MEV2_NEU_046,Neutral,Neutral,Neutral
MEV2_NEU_047,Neutral,Neutral,Neutral
MEV2_NEU_048,Neutral,Neutral,Neutral
MEV2_NEU_049,Neutral,Neutral,Neutral
MEV2_NEU_050,Neutral,Neutral,Neutral
MEV2_NEU_051,Neutral,Neutral,Neutral
MEV2_NEU_052,Neutral,Neutral,Neutral
MEV2_NEU_053,Neutral,Neutral,Neutral
MEV2_NEU_054,Neutral,Neutral,Neutral
MEV2_NEU_055,Neutral,Neutral,Neutral
MEV2_NEU_056,Neutral,Neutral,Neutral
MEV2_NEU_057,Neutral,Neutral,Neutral
MEV2_NEU_058,Neutral,Neutral,Neutral
MEV2_NEU_059,Neutral,Neutral,Neutral
MEV2_NEU_060,Neutral,Neutral,Neutral
MEV2_NEU_061,Neutral,Neutral,Neutral
MEV2_NEU_062,Neutral,Neutral,Neutral
MEV2_NEU_063,Neutral,Neutral,Neutral
MEV2_NEU_064,Neutral,Neutral,Neutral
MEV2_NEU_065,Neutral,Neutral,Neutral
MEV2_NEU_066,Neutral,Neutral,Neutral
MEV2_NEU_067,Neutral,Neutral,Neutral
MEV2_NEU_068,Neutral,Neutral,Neutral
MEV2_NEU_069,Neutral,Neutral,Neutral
MEV2_NEU_070,Neutral,Neutral,Neutral
MEV2_NEU_071,Neutral,Neutral,Neutral
MEV2_NEU_072,Neutral,Neutral,Neutral
MEV2_NEU_073,Neutral,Neutral,Neutral
MEV2_NEU_074,Neutral,Neutral,Neutral
MEV2_NEU_075,Neutral,Neutral,Neutral
MEV2_NEU_076,Neutral,Neutral,Neutral
MEV2_NEU_077,Neutral,Neutral,Neutral
MEV2_NEU_078,Neutral,Neutral,Neutral
MEV2_NEU_079,Neutral,Neutral,Neutral
MEV2_NEU_080,Neutral,Neutral,Neutral
MEV2_NEU_081,Neutral,Neutral,Neutral
MEV2_NEU_082,Neutral,Neutral,Neutral
MEV2_NEU_083,Neutral,Neutral,Neutral
MEV2_NEU_084,Neutral,Neutral,Neutral
MEV2_NEU_085,Neutral,Neutral,Neutral
MEV2_NEU_086,Neutral,Neutral,Neutral
MEV2_NEU_087,Neutral,Neutral,Neutral
MEV2_NEU_088,Neutral,Neutral,Neutral
MEV2_NEU_089,Neutral,Neutral,Neutral
MEV2_NEU_090,Neutral,Neutral,Neutral
MEV2_NEU_091,Neutral,Neutral,Neutral
MEV2_NEU_092,Neutral,Neutral,Neutral
MEV2_NEU_093,Neutral,Neutral,Neutral
MEV2_NEU_094,Neutral,Neutral,Neutral
MEV2_NEU_095,Neutral,Neutral,Neutral
MEV2_NEU_096,Neutral,Neutral,Neutral
MEV2_NEU_097,Neutral,Neutral,Neutral
MEV2_NEU_098,Neutral,Neutral,Neutral
MEV2_NEU_099,Neutral,Neutral,Neutral
MEV2_NEU_100,Neutral,Neutral,Neutral
