release_notebook,release_sha256,source_filename,source_sha256
notebooks/colab/01_phase1_training_calibration_routing.ipynb,16df4c71f66f1b2566bcacaae26281748d1852f0193c1328169953fbbfbc8ff8,01_distilbert_phase1_training_final_colab.ipynb,ba675f7430832df20fa26a26940e5de7be5d7260e08fefd916b097efae8d085d
notebooks/colab/02_reddit_llama2_direct.ipynb,8cac8f6ab97cc9599fbf24917cb283e451c1a7ec158b0a5c48c6b79275e6c080,12_reddit_llama2_direct_final_sd_colab.ipynb,a86b69a9a4184d6d3374c099d1e49e0caef623bce9ab9c03d04f9f700548b465
notebooks/colab/03_reddit_llama2_cot.ipynb,e3e929421cdb9b4151e0a6e3f5da5b0398f202c84a59a7a355b9aec26834bc5b,13_reddit_llama2_cot_1024_colab.ipynb,c6122c9eb0c2b5823d923a77a181824c007638c83ac778a97bc5116c8ffb0e54
notebooks/colab/04_reddit_llama3_direct_cot.ipynb,95df1888f8f70629fcf568e01ed13148c67fcb863b2d345ffdfab0b7a9148096,05_2_final_unified_phase2_llama3_reasoning_methods_colab.ipynb,da49d75f9f4f372e1bca281e6e914ebfd13c6c847f911a969dc991b7c16c31b3
notebooks/colab/05_mixed_emotion_llama2_direct.ipynb,9314dad4bc5c9185c8346415ce8b8dfb29bb3530dc06d309b707d67e4569cc20,11_mixed_emotion_llama2_direct_final_sd_colab.ipynb,5c333b33751c7e98fd0131c93046b86d0c33315b1ff4b71b0cebaa18daf56b0e
notebooks/colab/06_mixed_emotion_llama2_cot.ipynb,4c1258c578cd5dc11ffa22a1b8c06e81ea0fb5e15a86e7f517a4c71d978c4548,14_mixed_emotion_llama2_cot_1024_colab.ipynb,eec17a8d3e473e1e96331dda55825413dcbbb99680ba1a22083d3800b4823bdb
notebooks/colab/07_mixed_emotion_llama3_direct_cot.ipynb,edcc24eac497579ca5b1361695e8544a1c6e0027b941c881b77eeecaac3ddda5,06_2_mixed_emotion_llama3_reasoning_methods_colab.ipynb,333541c673587223ffd6c9e6e07c3141806cec863411f593597c878e17acb811
notebooks/colab/08_self_discover_v6c_final.ipynb,ef8dff0d255b9a179867c36d9ca46efd49a927b7833efc262e7b6655aa9b7643,05_3_phase2_reddit_self_discover_advanced_variants_colab_20260921_v6c_llama3_reddit_output.ipynb,016ffbe9afba148d9faaf6e05417f6922ebbeee6e74ec53ad39d6c737f1a0a8e
notebooks/colab/09_additional9000_phase1.ipynb,14f3fa2e0c3f6087983c4238f01eda4f6511d44431714c2d8f452efa54b4e6c7,07_1_final_distilbert_existing9000_colab.ipynb,4dc484b6c0edccbd6950160325f33c0029fdd38eacd39de30820d2105b383480
notebooks/colab/10_additional9000_llama3_final.ipynb,4470faff30215327e8fca5f54f688295b4d13dc7fd0e020b7747d5e01bfc47c3,07_2_existing9000_llama3_direct_cot_v6c_colab.ipynb,034ee7f603741ab7a5f390ca8c7fbb868d50b6c63979a8c2b63fc9667acfcdc6
