dataset,model,method,evidence,accuracy_percent,macro_f1_percent,n,a_wrong_b_correct,a_correct_b_wrong,change_pp,ci_low_pp,ci_high_pp,exact_p,holm_family,holm_p
Additional Reddit 9000,Llama 3,CoT,row_verified,97.72222222222224,97.7234339403727,9000,28,15,0.1444444444444444,0.0,0.2888888888888888,0.0659940344557981,additional_3,0.1319880689115962
Additional Reddit 9000,Llama 3,Direct,row_verified,97.72222222222224,97.72416328221291,9000,32,19,0.1444444444444444,-0.0111111111111111,0.3,0.0919145498158542,additional_3,0.1319880689115962
Additional Reddit 9000,Llama 3,SELF-DISCOVER,row_verified,97.76666666666668,97.76884831587881,9000,30,13,0.1888888888888888,0.0444444444444444,0.3333333333333333,0.0137181850586785,additional_3,0.0411545551760355
Mixed Emotion,Llama 2,CoT,row_verified,79.0,78.92978881743872,300,19,33,-4.666666666666667,-9.333333333333334,0.0,0.0703942210670622,main_12,0.3519711053353114
Mixed Emotion,Llama 2,Direct,row_verified,76.33333333333333,75.16269305742989,300,11,33,-7.333333333333333,-11.666666666666666,-3.0,0.0012600338162656,main_12,0.0138603719789216
Mixed Emotion,Llama 2,SELF-DISCOVER,row_verified,89.33333333333333,89.34518375849744,300,22,5,5.666666666666666,2.3333333333333335,9.0,0.0015137195587158,main_12,0.0151371955871582
Mixed Emotion,Llama 3,CoT,row_verified,84.66666666666667,84.67596324739182,300,15,12,1.0,-2.3333333333333335,4.333333333333334,0.7011080384254456,main_12,1.0
Mixed Emotion,Llama 3,Direct,row_verified,89.33333333333333,89.38034188034189,300,26,9,5.666666666666666,2.0,9.666666666666666,0.0059881205670535,main_12,0.0479049645364284
Mixed Emotion,Llama 3,SELF-DISCOVER,row_verified,92.66666666666666,92.6965626965627,300,28,1,9.0,5.666666666666666,12.333333333333334,1.1175870895385744e-07,main_12,1.341104507446289e-06
Reddit,Llama 2,CoT,row_verified,96.925,96.92399187492346,12000,48,47,0.0083333333333333,-0.15,0.1666666666666666,1.0,main_12,1.0
Reddit,Llama 2,Direct,row_verified,96.99166666666666,96.98976497737766,12000,45,36,0.075,-0.075,0.2249999999999999,0.3741744176047079,main_12,1.0
Reddit,Llama 2,SELF-DISCOVER,row_verified,96.94166666666668,96.93905928714422,12000,52,49,0.025,-0.1416666666666666,0.1916666666666666,0.842382098507744,main_12,1.0
Reddit,Llama 3,CoT,row_verified,97.15,97.14709383641276,12000,63,35,0.2333333333333333,0.075,0.3916666666666666,0.0060926296720647,main_12,0.0479049645364284
Reddit,Llama 3,Direct,row_verified,97.10833333333332,97.1056151738632,12000,68,45,0.1916666666666666,0.0166666666666666,0.3666666666666666,0.0380186455827963,main_12,0.2281118734967783
Reddit,Llama 3,SELF-DISCOVER,row_verified,97.2,97.19902501721216,12000,72,38,0.2833333333333333,0.1166666666666666,0.4583333333333333,0.0015330525764724,main_12,0.0151371955871582
