dataset,model,method,n,routed_rows,parse_failures,accuracy_percent,macro_f1_percent,corrected,introduced,recovered_labels,raw_sha256,full_sha256,plan_sha256
Additional Reddit 9000,Llama 3,CoT,9000,111,0,97.72222222222223,97.7234339403727,28,15,0,b2c8bf43260a3d937627264e06b94e82bb907d30f9837d34226df6ca403252a1,83e2e30418afe2742b4106a2c1043cc9a30e04e9ad0ff6e8cabe89af13e5704b,
Additional Reddit 9000,Llama 3,Direct,9000,111,2,97.72222222222223,97.72416328221291,32,19,0,1d7c8bc21493e095e4d13fe10cdf6fa2e06852efc7ee3d5ec564afa2729c9466,f776b6ffd2b492e5dc389d2896bd3fd304fe395b9541f7975da23b43765dc7d8,
Additional Reddit 9000,Llama 3,SELF-DISCOVER,9000,111,0,97.76666666666667,97.76884831587881,30,13,0,b1e3cc422d5f78070915af43455bbd2847aab6d9eb213a5f8cc42aa02d7f9af7,b0f0552c3386808d1ea581969f38e9b000748c01c1274b4d7e1a03e245577131,
Mixed Emotion,Llama 2,CoT,300,86,0,79.0,78.92978881743872,19,33,0,271f901103f30f9461258c72e1f8ca43270ac4e1b11035d76f43dbe462e2e979,61026cfedc922ad1a9b98217828719a1a560e3f205344e971f998bbb5a40d4c5,
Mixed Emotion,Llama 2,Direct,300,86,0,76.33333333333333,75.16269305742989,11,33,0,0dccf671ecc9fd7695e19c82b2651d9c38b57befb8dbdf046e1d6b2f544c06af,71b9752366d02081bb69e897efbaf72ec3dcc1e84e52dd369a8e10efa233b172,
Mixed Emotion,Llama 2,SELF-DISCOVER,300,86,0,89.33333333333333,89.34518375849744,22,5,0,e9dfd675f4ff7f5e84da75a20cb31203e2e65bea1e44b4fa61df6d1124d8ae7a,a9f88d93461826c54f90f2d66bd87b5b97e28a260fbb4ff5e57b8ab624471087,ac645d4ab0d0b07883493ac21263cda8540c364ed4f6174b338e33bbd8b104ab
Mixed Emotion,Llama 3,CoT,300,86,0,84.66666666666667,84.67596324739182,15,12,0,35c3db8a5668e18b489358d42aec6a5e84acd04bed5a61af5075235a1c9c7461,6da15474f041361a6d1090e2f830256995cd650e813c634afcf11babd907d4a4,
Mixed Emotion,Llama 3,Direct,300,86,0,89.33333333333333,89.38034188034189,26,9,0,8760f9281aec2eb676267de788e08ed77759b1c5a86a7d03230c2f64e03d9c9c,701523f7f9fc79fac4bb6fbdae2d1eb4c975d202718f389456cc3ed39f86c5c8,
Mixed Emotion,Llama 3,SELF-DISCOVER,300,86,1,92.66666666666666,92.6965626965627,28,1,0,77fdf9430614fb48d0af4f47aee108944b64bc4736925d8923ccb4747e98cb15,695f5b2311ea1c675cab034cee12540d0ea75b44ac4fa2fd71463908f0ab2097,bca5cadcc99adc299fc5370c0edd2b3130a4fd25d1c7df298faf61c695703f8b
Reddit,Llama 2,CoT,12000,218,0,96.925,96.92399187492346,48,47,0,c522a0da4710bff1dea63e11cecec2fc6ac5e3c652c124665d894aad8cc69f9b,a730d693ff8bdedc20ec0e915d0644fdefc849b97af588f1f2f59cd590cc9d90,
Reddit,Llama 2,Direct,12000,218,1,96.99166666666666,96.98976497737766,45,36,0,c24fdcd47a6022c3306178a6062b9c6fbf6062d34bbb4852a3228b755065cf35,,
Reddit,Llama 2,SELF-DISCOVER,12000,218,21,96.94166666666668,96.93905928714422,52,49,0,fe76dbfbf01ee61260bcaf12aa3432ab258f42ee585538e58ba9504e949500f0,5b87ea0299b97504568b6ca7568a168265bb1dba0f5ee05be6c131f142b4e6a3,ac645d4ab0d0b07883493ac21263cda8540c364ed4f6174b338e33bbd8b104ab
Reddit,Llama 3,CoT,12000,218,1,97.15,97.14709383641276,63,35,4,ff1aa366ef5caecf51d1e39f2665f7abbb3e6b13b62b302c9f96a45c3ec8a5d2,,
Reddit,Llama 3,Direct,12000,218,1,97.10833333333332,97.1056151738632,68,45,0,d6684b24131d8e3bf4eebe91de353d2edec08f4a2cd44cf5de0824816e31f41b,,
Reddit,Llama 3,SELF-DISCOVER,12000,218,2,97.2,97.19902501721216,72,38,0,ee3dd5c68680515c777844c2b8256c241ef24735ccfe359b8e2ee75407337dac,bb7f9562be17aa44476f5963d1a76d2953af5b0325cafe33904cdf5f1713ed56,bca5cadcc99adc299fc5370c0edd2b3130a4fd25d1c7df298faf61c695703f8b
