dataset,model,comparison,status,n,a_wrong_b_correct,a_correct_b_wrong,change_pp,ci_low_pp,ci_high_pp,exact_p,holm_p_family2
Additional Reddit 9000,Llama 3,SD vs Direct,row_verified,9000,13,9,0.044444444444444446,-0.05555555555555555,0.14444444444444443,0.5234670639038086,0.96136474609375
Additional Reddit 9000,Llama 3,SD vs CoT,row_verified,9000,11,7,0.044444444444444446,-0.044444444444444446,0.13333333333333333,0.480682373046875,0.96136474609375
Mixed Emotion,Llama 2,SD vs Direct,row_verified,300,39,0,13.0,9.333333333333334,17.0,3.637978807091713e-12,7.275957614183426e-12
Mixed Emotion,Llama 2,SD vs CoT,row_verified,300,40,9,10.333333333333334,6.0,14.666666666666666,9.263546409954415e-06,9.263546409954415e-06
Mixed Emotion,Llama 3,SD vs Direct,row_verified,300,10,0,3.3333333333333335,1.3333333333333335,5.333333333333334,0.001953125,0.001953125
Mixed Emotion,Llama 3,SD vs CoT,row_verified,300,24,0,8.0,5.0,11.333333333333332,1.1920928955078125e-07,2.384185791015625e-07
Reddit,Llama 2,SD vs Direct,row_verified,12000,33,39,-0.05,-0.19166666666666665,0.09166666666666666,0.5559977177609708,1.0
Reddit,Llama 2,SD vs CoT,row_verified,12000,48,46,0.016666666666666666,-0.14166666666666666,0.17500000000000002,0.9179230673157426,1.0
Reddit,Llama 3,SD vs Direct,row_verified,12000,25,14,0.09166666666666666,-0.008333333333333333,0.19166666666666665,0.10812902140605729,0.21625804281211458
Reddit,Llama 3,SD vs CoT,row_verified,12000,18,12,0.05,-0.03333333333333333,0.14166666666666666,0.361594608053565,0.361594608053565
